nombre,equipo,media,posicion,foto
Nikola Jokic,Denver Nuggets,98,C,fotos-nba/05-Denver-Nuggets/nikola-jokic.jpg
Shai Gilgeous-Alexander,Oklahoma City Thunder,98,PG,fotos-nba/02-Oklahoma-City-Thunder/shai-gilgeous-alexander.jpg
Giannis Antetokounmpo,Miami Heat,97,PF,fotos-nba/14-Miami-Heat/giannis-antetokounmpo.jpg
Victor Wembanyama,San Antonio Spurs,97,C,fotos-nba/06-San-Antonio-Spurs/victor-wembanyama.jpg
Anthony Edwards,Minnesota Timberwolves,95,SG,fotos-nba/12-Minnesota-Timberwolves/anthony-edwards.jpg
Luka Doncic,Los Angeles Lakers,95,PG,fotos-nba/16-Los-Angeles-Lakers/luka-doncic.jpg
LeBron James,Philadelphia 76ers,94,SF,fotos-nba/01-Philadelphia-76ers/lebron-james.jpg
Stephen Curry,Golden State Warriors,94,PG,fotos-nba/19-Golden-State-Warriors/stephen-curry.jpg
Anthony Davis,Washington Wizards,93,PF,fotos-nba/22-Washington-Wizards/anthony-davis.jpg
Donovan Mitchell,Cleveland Cavaliers,93,SG,fotos-nba/08-Cleveland-Cavaliers/donovan-mitchell.jpg
Jalen Brunson,New York Knicks,93,PG,fotos-nba/03-New-York-Knicks/jalen-brunson.jpg
Kevin Durant,Houston Rockets,93,SF,fotos-nba/09-Houston-Rockets/kevin-durant.jpg
Cade Cunningham,Detroit Pistons,92,PG,fotos-nba/13-Detroit-Pistons/cade-cunningham.jpg
Joel Embiid,Philadelphia 76ers,92,C,fotos-nba/01-Philadelphia-76ers/joel-embiid.jpg
Karl-Anthony Towns,New York Knicks,92,C,fotos-nba/03-New-York-Knicks/karl-anthony-towns.jpg
Kawhi Leonard,Toronto Raptors,92,SF,fotos-nba/10-Toronto-Raptors/kawhi-leonard.jpg
Devin Booker,Phoenix Suns,91,SG,fotos-nba/20-Phoenix-Suns/devin-booker.jpg
Ja Morant,Portland Trail Blazers,91,PG,fotos-nba/17-Portland-Trail-Blazers/ja-morant.jpg
Jalen Williams,Oklahoma City Thunder,90,SF,fotos-nba/02-Oklahoma-City-Thunder/jalen-williams.jpg
Jaylen Brown,Philadelphia 76ers,90,SF,fotos-nba/01-Philadelphia-76ers/jaylen-brown.jpg
Trae Young,Washington Wizards,90,PG,fotos-nba/22-Washington-Wizards/trae-young.jpg
Damian Lillard,Portland Trail Blazers,89,PG,fotos-nba/17-Portland-Trail-Blazers/damian-lillard.jpg
Evan Mobley,Cleveland Cavaliers,89,PF,fotos-nba/08-Cleveland-Cavaliers/evan-mobley.jpg
James Harden,Cleveland Cavaliers,89,PG,fotos-nba/08-Cleveland-Cavaliers/james-harden.jpg
Jaren Jackson Jr.,Utah Jazz,89,PF,fotos-nba/15-Utah-Jazz/jaren-jackson-jr.jpg
Paolo Banchero,Orlando Magic,89,PF,fotos-nba/18-Orlando-Magic/paolo-banchero.jpg
Pascal Siakam,Indiana Pacers,89,PF,fotos-nba/04-Indiana-Pacers/pascal-siakam.jpg
Tyrese Haliburton,Indiana Pacers,89,PG,fotos-nba/04-Indiana-Pacers/tyrese-haliburton.jpg
Bam Adebayo,Miami Heat,88,C,fotos-nba/14-Miami-Heat/bam-adebayo.jpg
Chet Holmgren,Oklahoma City Thunder,88,C,fotos-nba/02-Oklahoma-City-Thunder/chet-holmgren.jpg
Jayson Tatum,Boston Celtics,88,SF,fotos-nba/11-Boston-Celtics/jayson-tatum.jpg
Alperen Sengun,Houston Rockets,87,C,fotos-nba/09-Houston-Rockets/alperen-sengun.jpg
Amen Thompson,Houston Rockets,87,PG,fotos-nba/09-Houston-Rockets/amen-thompson.jpg
Derrick White,Boston Celtics,87,SG,fotos-nba/11-Boston-Celtics/derrick-white.jpg
Domantas Sabonis,Sacramento Kings,87,C,fotos-nba/28-Sacramento-Kings/domantas-sabonis.jpg
Ivica Zubac,Indiana Pacers,87,C,fotos-nba/04-Indiana-Pacers/ivica-zubac.jpg
Kyrie Irving,Dallas Mavericks,87,PG,fotos-nba/23-Dallas-Mavericks/kyrie-irving.jpg
LaMelo Ball,Minnesota Timberwolves,87,PG,fotos-nba/12-Minnesota-Timberwolves/lamelo-ball.jpg
Tyler Herro,Milwaukee Bucks,87,SG,fotos-nba/30-Milwaukee-Bucks/tyler-herro.jpg
Zion Williamson,New Orleans Pelicans,87,PF,fotos-nba/21-New-Orleans-Pelicans/zion-williamson.jpg
Darius Garland,Los Angeles Clippers,86,PG,fotos-nba/24-Los-Angeles-Clippers/darius-garland.jpg
Franz Wagner,Orlando Magic,86,SF,fotos-nba/18-Orlando-Magic/franz-wagner.jpg
Jamal Murray,Denver Nuggets,86,PG,fotos-nba/05-Denver-Nuggets/jamal-murray.jpg
Julius Randle,Brooklyn Nets,86,PF,fotos-nba/29-Brooklyn-Nets/julius-randle.jpg
Tyrese Maxey,Philadelphia 76ers,86,PG,fotos-nba/01-Philadelphia-76ers/tyrese-maxey.jpg
Austin Reaves,Los Angeles Lakers,85,SG,fotos-nba/16-Los-Angeles-Lakers/austin-reaves.jpg
De'Aaron Fox,San Antonio Spurs,85,PG,fotos-nba/06-San-Antonio-Spurs/deaaron-fox.jpg
Kristaps Porzingis,Golden State Warriors,85,C,fotos-nba/19-Golden-State-Warriors/kristaps-porzingis.jpg
OG Anunoby,New York Knicks,85,SF,fotos-nba/03-New-York-Knicks/og-anunoby.jpg
Scottie Barnes,Toronto Raptors,85,SF,fotos-nba/10-Toronto-Raptors/scottie-barnes.jpg
Zach LaVine,Sacramento Kings,85,SG,fotos-nba/28-Sacramento-Kings/zach-lavine.jpg
Brandon Ingram,Los Angeles Clippers,84,SF,fotos-nba/24-Los-Angeles-Clippers/brandon-ingram.jpg
Jarrett Allen,Cleveland Cavaliers,84,C,fotos-nba/08-Cleveland-Cavaliers/jarrett-allen.jpg
Lauri Markkanen,Utah Jazz,84,PF,fotos-nba/15-Utah-Jazz/lauri-markkanen.jpg
Mikal Bridges,New York Knicks,84,SF,fotos-nba/03-New-York-Knicks/mikal-bridges.jpg
Norman Powell,Chicago Bulls,84,SG,fotos-nba/26-Chicago-Bulls/norman-powell.jpg
Rudy Gobert,Minnesota Timberwolves,84,C,fotos-nba/12-Minnesota-Timberwolves/rudy-gobert.jpg
Anfernee Simons,Philadelphia 76ers,83,SG,fotos-nba/01-Philadelphia-76ers/anfernee-simons.jpg
Cameron Johnson,Denver Nuggets,83,SF,fotos-nba/05-Denver-Nuggets/cameron-johnson.jpg
Coby White,Charlotte Hornets,83,SG,fotos-nba/25-Charlotte-Hornets/coby-white.jpg
Dejounte Murray,New Orleans Pelicans,83,PG,fotos-nba/21-New-Orleans-Pelicans/dejounte-murray.jpg
Desmond Bane,Orlando Magic,83,SG,fotos-nba/18-Orlando-Magic/desmond-bane.jpg
Dyson Daniels,Atlanta Hawks,83,SG,fotos-nba/07-Atlanta-Hawks/dyson-daniels.jpg
Jalen Green,Phoenix Suns,83,SG,fotos-nba/20-Phoenix-Suns/jalen-green.jpg
Jonathan Kuminga,Golden State Warriors,83,PF,fotos-nba/19-Golden-State-Warriors/jonathan-kuminga.jpg
Josh Hart,New York Knicks,83,SG,fotos-nba/03-New-York-Knicks/josh-hart.jpg
Kon Knueppel,Charlotte Hornets,83,SG,fotos-nba/25-Charlotte-Hornets/kon-knueppel.jpg
Myles Turner,Milwaukee Bucks,83,C,fotos-nba/30-Milwaukee-Bucks/myles-turner.jpg
Naz Reid,Charlotte Hornets,83,C,fotos-nba/25-Charlotte-Hornets/naz-reid.jpg
Aaron Gordon,Denver Nuggets,82,PF,fotos-nba/05-Denver-Nuggets/aaron-gordon.jpg
Alex Caruso,Oklahoma City Thunder,82,SG,fotos-nba/02-Oklahoma-City-Thunder/alex-caruso.jpg
Ausar Thompson,Detroit Pistons,82,SF,fotos-nba/13-Detroit-Pistons/ausar-thompson.jpg
Bennedict Mathurin,Los Angeles Clippers,82,SG,fotos-nba/24-Los-Angeles-Clippers/bennedict-mathurin.jpg
Bobby Portis,Miami Heat,82,PF,fotos-nba/14-Miami-Heat/bobby-portis.jpg
Bogdan Bogdanovic,Houston Rockets,82,SG,fotos-nba/09-Houston-Rockets/bogdan-bogdanovic.jpg
Brandon Miller,Charlotte Hornets,82,SF,fotos-nba/25-Charlotte-Hornets/brandon-miller.jpg
Buddy Hield,Atlanta Hawks,82,SG,fotos-nba/07-Atlanta-Hawks/buddy-hield.jpg
Clint Capela,Houston Rockets,82,C,fotos-nba/09-Houston-Rockets/clint-capela.jpg
Cooper Flagg,Dallas Mavericks,82,SF,fotos-nba/23-Dallas-Mavericks/cooper-flagg.jpg
Deni Avdija,Portland Trail Blazers,82,SF,fotos-nba/17-Portland-Trail-Blazers/deni-avdija.jpg
Devin Vassell,San Antonio Spurs,82,SG,fotos-nba/06-San-Antonio-Spurs/devin-vassell.jpg
Dillon Brooks,Phoenix Suns,82,SF,fotos-nba/20-Phoenix-Suns/dillon-brooks.jpg
Donovan Clingan,Portland Trail Blazers,82,C,fotos-nba/17-Portland-Trail-Blazers/donovan-clingan.jpg
Fred VanVleet,Houston Rockets,82,PG,fotos-nba/09-Houston-Rockets/fred-vanvleet.jpg
Isaiah Hartenstein,Oklahoma City Thunder,82,C,fotos-nba/02-Oklahoma-City-Thunder/isaiah-hartenstein.jpg
Jaden McDaniels,Minnesota Timberwolves,82,PF,fotos-nba/12-Minnesota-Timberwolves/jaden-mcdaniels.jpg
Jalen Duren,Detroit Pistons,82,C,fotos-nba/13-Detroit-Pistons/jalen-duren.jpg
Jalen Suggs,Orlando Magic,82,SG,fotos-nba/18-Orlando-Magic/jalen-suggs.jpg
Jerami Grant,Memphis Grizzlies,82,PF,fotos-nba/27-Memphis-Grizzlies/jerami-grant.jpg
John Collins,Detroit Pistons,82,PF,fotos-nba/13-Detroit-Pistons/john-collins.jpg
Josh Giddey,Chicago Bulls,82,PG,fotos-nba/26-Chicago-Bulls/josh-giddey.jpg
Marcus Smart,Houston Rockets,82,PG,fotos-nba/09-Houston-Rockets/marcus-smart.jpg
Michael Porter Jr.,Brooklyn Nets,82,SF,fotos-nba/29-Brooklyn-Nets/michael-porter-jr.jpg
Miles Bridges,Phoenix Suns,82,PF,fotos-nba/20-Phoenix-Suns/miles-bridges.jpg
Nikola Vucevic,Orlando Magic,82,C,fotos-nba/18-Orlando-Magic/nikola-vucevic.jpg
P.J. Washington,Dallas Mavericks,82,PF,fotos-nba/23-Dallas-Mavericks/pj-washington.jpg
Payton Pritchard,Boston Celtics,82,PG,fotos-nba/11-Boston-Celtics/payton-pritchard.jpg
RJ Barrett,Toronto Raptors,82,SG,fotos-nba/10-Toronto-Raptors/rj-barrett.jpg
Stephon Castle,San Antonio Spurs,82,SG,fotos-nba/06-San-Antonio-Spurs/stephon-castle.jpg
Toumani Camara,Portland Trail Blazers,82,PF,fotos-nba/17-Portland-Trail-Blazers/toumani-camara.jpg
Trey Murphy III,New Orleans Pelicans,82,SF,fotos-nba/21-New-Orleans-Pelicans/trey-murphy-iii.jpg
Tyus Jones,Denver Nuggets,82,PG,fotos-nba/05-Denver-Nuggets/tyus-jones.jpg
Walker Kessler,Los Angeles Lakers,82,C,fotos-nba/16-Los-Angeles-Lakers/walker-kessler.jpg
Aaron Nesmith,Indiana Pacers,81,SF,fotos-nba/04-Indiana-Pacers/aaron-nesmith.jpg
Andrew Nembhard,Indiana Pacers,81,PG,fotos-nba/04-Indiana-Pacers/andrew-nembhard.jpg
Andrew Wiggins,Miami Heat,81,SF,fotos-nba/14-Miami-Heat/andrew-wiggins.jpg
Brook Lopez,Los Angeles Clippers,81,C,fotos-nba/24-Los-Angeles-Clippers/brook-lopez.jpg
CJ McCollum,Atlanta Hawks,81,SG,fotos-nba/07-Atlanta-Hawks/cj-mccollum.jpg
Caris LeVert,Milwaukee Bucks,81,SG,fotos-nba/30-Milwaukee-Bucks/caris-levert.jpg
Dereck Lively II,Dallas Mavericks,81,C,fotos-nba/23-Dallas-Mavericks/dereck-lively-ii.jpg
Donte DiVincenzo,Minnesota Timberwolves,81,SG,fotos-nba/12-Minnesota-Timberwolves/donte-divincenzo.jpg
Draymond Green,Golden State Warriors,81,PF,fotos-nba/19-Golden-State-Warriors/draymond-green.jpg
Herb Jones,New Orleans Pelicans,81,SF,fotos-nba/21-New-Orleans-Pelicans/herb-jones.jpg
Immanuel Quickley,Toronto Raptors,81,PG,fotos-nba/10-Toronto-Raptors/immanuel-quickley.jpg
Jaden Ivey,Detroit Pistons,81,SG,fotos-nba/13-Detroit-Pistons/jaden-ivey.jpg
Jalen Johnson,Atlanta Hawks,81,PF,fotos-nba/07-Atlanta-Hawks/jalen-johnson.jpg
Jonas Valanciunas,Denver Nuggets,81,C,fotos-nba/05-Denver-Nuggets/jonas-valanciunas.jpg
Jrue Holiday,Portland Trail Blazers,81,PG,fotos-nba/17-Portland-Trail-Blazers/jrue-holiday.jpg
Keyonte George,Utah Jazz,81,PG,fotos-nba/15-Utah-Jazz/keyonte-george.jpg
Luguentz Dort,Atlanta Hawks,81,SG,fotos-nba/07-Atlanta-Hawks/luguentz-dort.jpg
Malik Monk,Sacramento Kings,81,SG,fotos-nba/28-Sacramento-Kings/malik-monk.jpg
Matas Buzelis,Chicago Bulls,81,PF,fotos-nba/26-Chicago-Bulls/matas-buzelis.jpg
Onyeka Okongwu,Atlanta Hawks,81,C,fotos-nba/07-Atlanta-Hawks/onyeka-okongwu.jpg
Paul George,Boston Celtics,81,SF,fotos-nba/11-Boston-Celtics/paul-george.jpg
Rui Hachimura,Los Angeles Clippers,81,PF,fotos-nba/24-Los-Angeles-Clippers/rui-hachimura.jpg
Santi Aldama,Dallas Mavericks,81,PF,fotos-nba/23-Dallas-Mavericks/santi-aldama.jpg
Scoot Henderson,Portland Trail Blazers,81,PG,fotos-nba/17-Portland-Trail-Blazers/scoot-henderson.jpg
Shaedon Sharpe,Portland Trail Blazers,81,SG,fotos-nba/17-Portland-Trail-Blazers/shaedon-sharpe.jpg
Alex Sarr,Washington Wizards,80,C,fotos-nba/22-Washington-Wizards/alex-sarr.jpg
Bilal Coulibaly,Washington Wizards,80,SF,fotos-nba/22-Washington-Wizards/bilal-coulibaly.jpg
Caleb Martin,Dallas Mavericks,80,SF,fotos-nba/23-Dallas-Mavericks/caleb-martin.jpg
Cason Wallace,Oklahoma City Thunder,80,SG,fotos-nba/02-Oklahoma-City-Thunder/cason-wallace.jpg
Christian Braun,Denver Nuggets,80,SG,fotos-nba/05-Denver-Nuggets/christian-braun.jpg
Collin Sexton,Los Angeles Lakers,80,PG,fotos-nba/16-Los-Angeles-Lakers/collin-sexton.jpg
Daniel Gafford,Dallas Mavericks,80,C,fotos-nba/23-Dallas-Mavericks/daniel-gafford.jpg
Jabari Smith Jr.,Houston Rockets,80,PF,fotos-nba/09-Houston-Rockets/jabari-smith-jr.jpg
Jaime Jaquez Jr.,Milwaukee Bucks,80,SF,fotos-nba/30-Milwaukee-Bucks/jaime-jaquez-jr.jpg
Jakob Poeltl,Toronto Raptors,80,C,fotos-nba/10-Toronto-Raptors/jakob-poeltl.jpg
Jeremy Sochan,Portland Trail Blazers,80,PF,fotos-nba/17-Portland-Trail-Blazers/jeremy-sochan.jpg
Kel'el Ware,Miami Heat,80,C,fotos-nba/14-Miami-Heat/kelel-ware.jpg
Keldon Johnson,San Antonio Spurs,80,SF,fotos-nba/06-San-Antonio-Spurs/keldon-johnson.jpg
Kelly Oubre Jr.,Indiana Pacers,80,SF,fotos-nba/04-Indiana-Pacers/kelly-oubre-jr.jpg
Mark Williams,Phoenix Suns,80,C,fotos-nba/20-Phoenix-Suns/mark-williams.jpg
Mitchell Robinson,Boston Celtics,80,C,fotos-nba/11-Boston-Celtics/mitchell-robinson.jpg
Nicolas Claxton,Chicago Bulls,80,C,fotos-nba/26-Chicago-Bulls/nicolas-claxton.jpg
Reed Sheppard,Houston Rockets,80,PG,fotos-nba/09-Houston-Rockets/reed-sheppard.jpg
Tari Eason,Houston Rockets,80,PF,fotos-nba/09-Houston-Rockets/tari-eason.jpg
Tobias Harris,San Antonio Spurs,80,PF,fotos-nba/06-San-Antonio-Spurs/tobias-harris.jpg
Ty Jerome,Memphis Grizzlies,80,PG,fotos-nba/27-Memphis-Grizzlies/ty-jerome.jpg
Wendell Carter Jr.,Orlando Magic,80,C,fotos-nba/18-Orlando-Magic/wendell-carter-jr.jpg
Aaron Wiggins,Oklahoma City Thunder,79,SG,fotos-nba/02-Oklahoma-City-Thunder/aaron-wiggins.jpg
Ayo Dosunmu,Minnesota Timberwolves,79,SG,fotos-nba/12-Minnesota-Timberwolves/ayo-dosunmu.jpg
Davion Mitchell,Miami Heat,79,PG,fotos-nba/14-Miami-Heat/davion-mitchell.jpg
De'Andre Hunter,Sacramento Kings,79,SF,fotos-nba/28-Sacramento-Kings/deandre-hunter.jpg
Deandre Ayton,Washington Wizards,79,C,fotos-nba/22-Washington-Wizards/deandre-ayton.jpg
Derrick Jones Jr.,Los Angeles Clippers,79,SF,fotos-nba/24-Los-Angeles-Clippers/derrick-jones-jr.jpg
Jaylen Wells,Memphis Grizzlies,79,SF,fotos-nba/27-Memphis-Grizzlies/jaylen-wells.jpg
Jordan Clarkson,New York Knicks,79,PG,fotos-nba/03-New-York-Knicks/jordan-clarkson.jpg
Jordan Hawkins,New Orleans Pelicans,79,SG,fotos-nba/21-New-Orleans-Pelicans/jordan-hawkins.jpg
Keegan Murray,Sacramento Kings,79,PF,fotos-nba/28-Sacramento-Kings/keegan-murray.jpg
Kevin Porter Jr.,Milwaukee Bucks,79,PG,fotos-nba/30-Milwaukee-Bucks/kevin-porter-jr.jpg
Klay Thompson,Dallas Mavericks,79,SG,fotos-nba/23-Dallas-Mavericks/klay-thompson.jpg
Kyle Kuzma,Milwaukee Bucks,79,SF,fotos-nba/30-Milwaukee-Bucks/kyle-kuzma.jpg
Max Strus,Cleveland Cavaliers,79,SG,fotos-nba/08-Cleveland-Cavaliers/max-strus.jpg
Neemias Queta,Boston Celtics,79,C,fotos-nba/11-Boston-Celtics/neemias-queta.jpg
Nickeil Alexander-Walker,Atlanta Hawks,79,SG,fotos-nba/07-Atlanta-Hawks/nickeil-alexander-walker.jpg
Obi Toppin,Indiana Pacers,79,PF,fotos-nba/04-Indiana-Pacers/obi-toppin.jpg
Tre Johnson,Washington Wizards,79,SG,fotos-nba/22-Washington-Wizards/tre-johnson.jpg
Zach Collins,Chicago Bulls,79,C,fotos-nba/26-Chicago-Bulls/zach-collins.jpg
Zach Edey,Memphis Grizzlies,79,C,fotos-nba/27-Memphis-Grizzlies/zach-edey.jpg
Andre Drummond,Philadelphia 76ers,78,C,fotos-nba/01-Philadelphia-76ers/andre-drummond.jpg
Bones Hyland,Minnesota Timberwolves,78,PG,fotos-nba/12-Minnesota-Timberwolves/bones-hyland.jpg
Brandin Podziemski,Golden State Warriors,78,SG,fotos-nba/19-Golden-State-Warriors/brandin-podziemski.jpg
Cameron Payne,Philadelphia 76ers,78,PG,fotos-nba/01-Philadelphia-76ers/cameron-payne.jpg
Corey Kispert,Atlanta Hawks,78,SF,fotos-nba/07-Atlanta-Hawks/corey-kispert.jpg
Dalton Knecht,Los Angeles Lakers,78,SG,fotos-nba/16-Los-Angeles-Lakers/dalton-knecht.jpg
De'Anthony Melton,Golden State Warriors,78,PG,fotos-nba/19-Golden-State-Warriors/deanthony-melton.jpg
Duncan Robinson,Detroit Pistons,78,SF,fotos-nba/13-Detroit-Pistons/duncan-robinson.jpg
Dylan Harper,San Antonio Spurs,78,PG,fotos-nba/06-San-Antonio-Spurs/dylan-harper.jpg
Gary Payton II,Golden State Warriors,78,SG,fotos-nba/19-Golden-State-Warriors/gary-payton-ii.jpg
Goga Bitadze,Orlando Magic,78,C,fotos-nba/18-Orlando-Magic/goga-bitadze.jpg
Gradey Dick,Los Angeles Clippers,78,SG,fotos-nba/24-Los-Angeles-Clippers/gradey-dick.jpg
Grant Williams,Charlotte Hornets,78,PF,fotos-nba/25-Charlotte-Hornets/grant-williams.jpg
Isaac Okoro,Chicago Bulls,78,SF,fotos-nba/26-Chicago-Bulls/isaac-okoro.jpg
Jarace Walker,Indiana Pacers,78,PF,fotos-nba/04-Indiana-Pacers/jarace-walker.jpg
Jonathan Isaac,Orlando Magic,78,PF,fotos-nba/18-Orlando-Magic/jonathan-isaac.jpg
Julian Strawther,Denver Nuggets,78,SG,fotos-nba/05-Denver-Nuggets/julian-strawther.jpg
Jusuf Nurkic,Utah Jazz,78,C,fotos-nba/15-Utah-Jazz/jusuf-nurkic.jpg
Kevon Looney,Los Angeles Lakers,78,C,fotos-nba/16-Los-Angeles-Lakers/kevon-looney.jpg
Khris Middleton,Washington Wizards,78,SF,fotos-nba/22-Washington-Wizards/khris-middleton.jpg
Kris Dunn,Los Angeles Clippers,78,PG,fotos-nba/24-Los-Angeles-Clippers/kris-dunn.jpg
Kyle Filipowski,Utah Jazz,78,C,fotos-nba/15-Utah-Jazz/kyle-filipowski.jpg
Larry Nance Jr.,Indiana Pacers,78,PF,fotos-nba/04-Indiana-Pacers/larry-nance.jpg
Lonnie Walker IV,Denver Nuggets,78,SG,fotos-nba/05-Denver-Nuggets/lonnie-walker.jpg
Luke Kennard,Phoenix Suns,78,SG,fotos-nba/20-Phoenix-Suns/luke-kennard.jpg
Luke Kornet,San Antonio Spurs,78,C,fotos-nba/06-San-Antonio-Spurs/luke-kornet.jpg
Matisse Thybulle,Los Angeles Lakers,78,SF,fotos-nba/16-Los-Angeles-Lakers/matisse-thybulle.jpg
Max Christie,Dallas Mavericks,78,SG,fotos-nba/23-Dallas-Mavericks/max-christie.jpg
Miles McBride,New York Knicks,78,PG,fotos-nba/03-New-York-Knicks/miles-mcbride.jpg
Moritz Wagner,Brooklyn Nets,78,PF,fotos-nba/29-Brooklyn-Nets/moritz-wagner.jpg
Moses Moody,Golden State Warriors,78,SG,fotos-nba/19-Golden-State-Warriors/moses-moody.jpg
Naji Marshall,Dallas Mavericks,78,SF,fotos-nba/23-Dallas-Mavericks/naji-marshall.jpg
Nikola Jovic,Miami Heat,78,PF,fotos-nba/14-Miami-Heat/nikola-jovic.jpg
Patrick Williams,Chicago Bulls,78,PF,fotos-nba/26-Chicago-Bulls/patrick-williams.jpg
Paul Reed,Detroit Pistons,78,PF,fotos-nba/13-Detroit-Pistons/paul-reed.jpg
Peyton Watson,Denver Nuggets,78,SF,fotos-nba/05-Denver-Nuggets/peyton-watson.jpg
Quentin Grimes,Los Angeles Lakers,78,SG,fotos-nba/16-Los-Angeles-Lakers/quentin-grimes.jpg
Robert Williams III,Portland Trail Blazers,78,C,fotos-nba/17-Portland-Trail-Blazers/robert-williams.jpg
Ryan Rollins,Milwaukee Bucks,78,PG,fotos-nba/30-Milwaukee-Bucks/ryan-rollins.jpg
Saddiq Bey,New Orleans Pelicans,78,SF,fotos-nba/21-New-Orleans-Pelicans/saddiq-bey.jpg
Sam Hauser,Boston Celtics,78,SF,fotos-nba/11-Boston-Celtics/sam-hauser.jpg
Steven Adams,Houston Rockets,78,C,fotos-nba/09-Houston-Rockets/steven-adams.jpg
T.J. McConnell,Indiana Pacers,78,PG,fotos-nba/04-Indiana-Pacers/tj-mcconnell.jpg
Taylor Hendricks,Memphis Grizzlies,78,PF,fotos-nba/27-Memphis-Grizzlies/taylor-hendricks.jpg
Terance Mann,Brooklyn Nets,78,SG,fotos-nba/29-Brooklyn-Nets/terance-mann.jpg
Terrence Shannon Jr.,Minnesota Timberwolves,78,SG,fotos-nba/12-Minnesota-Timberwolves/terrence-shannon-jr.jpg
Tim Hardaway Jr.,Miami Heat,78,SG,fotos-nba/14-Miami-Heat/tim-hardaway-jr.jpg
Trayce Jackson-Davis,Toronto Raptors,78,C,fotos-nba/10-Toronto-Raptors/trayce-jackson-davis.jpg
Tre Mann,Charlotte Hornets,78,PG,fotos-nba/25-Charlotte-Hornets/tre-mann.jpg
AJ Green,Milwaukee Bucks,77,SG,fotos-nba/30-Milwaukee-Bucks/aj-green.jpg
Ace Bailey,Utah Jazz,77,SF,fotos-nba/15-Utah-Jazz/ace-bailey.jpg
Al Horford,Golden State Warriors,77,C,fotos-nba/19-Golden-State-Warriors/al-horford.jpg
Ben Sheppard,Indiana Pacers,77,SG,fotos-nba/04-Indiana-Pacers/ben-sheppard.jpg
Dennis Schroder,Cleveland Cavaliers,77,PG,fotos-nba/08-Cleveland-Cavaliers/dennis-schroder.jpg
Harrison Barnes,San Antonio Spurs,77,SF,fotos-nba/06-San-Antonio-Spurs/harrison-barnes.jpg
Isaiah Collier,Utah Jazz,77,PG,fotos-nba/15-Utah-Jazz/isaiah-collier.jpg
Isaiah Joe,Oklahoma City Thunder,77,SG,fotos-nba/02-Oklahoma-City-Thunder/isaiah-joe.jpg
Jae'Sean Tate,Houston Rockets,77,SF,fotos-nba/09-Houston-Rockets/jaesean-tate.jpg
Jake LaRavia,Los Angeles Lakers,77,SF,fotos-nba/16-Los-Angeles-Lakers/jake-laravia.jpg
Jevon Carter,Orlando Magic,77,PG,fotos-nba/18-Orlando-Magic/jevon-carter.jpg
Jock Landale,Atlanta Hawks,77,C,fotos-nba/07-Atlanta-Hawks/jock-landale.jpg
Josh Okogie,Utah Jazz,77,SG,fotos-nba/15-Utah-Jazz/josh-okogie.jpg
Julian Champagnie,San Antonio Spurs,77,SF,fotos-nba/06-San-Antonio-Spurs/julian-champagnie.jpg
Kevin Huerter,Detroit Pistons,77,SG,fotos-nba/13-Detroit-Pistons/kevin-huerter.jpg
Kyshawn George,Washington Wizards,77,SF,fotos-nba/22-Washington-Wizards/kyshawn-george.jpg
Mike Conley,Boston Celtics,77,PG,fotos-nba/11-Boston-Celtics/mike-conley.jpg
Nikola Topic,Oklahoma City Thunder,77,PG,fotos-nba/02-Oklahoma-City-Thunder/nikola-topic.jpg
Pat Connaughton,Charlotte Hornets,77,SG,fotos-nba/25-Charlotte-Hornets/pat-connaughton.jpg
Precious Achiuwa,Sacramento Kings,77,PF,fotos-nba/28-Sacramento-Kings/precious-achiuwa.jpg
Ron Holland II,Detroit Pistons,77,SF,fotos-nba/13-Detroit-Pistons/ron-holland.jpg
Royce O'Neale,Charlotte Hornets,77,SF,fotos-nba/25-Charlotte-Hornets/royce-oneale.jpg
Sam Merrill,Cleveland Cavaliers,77,SG,fotos-nba/08-Cleveland-Cavaliers/sam-merrill.jpg
Simone Fontecchio,Miami Heat,77,SF,fotos-nba/14-Miami-Heat/simone-fontecchio.jpg
Tre Jones,Chicago Bulls,77,PG,fotos-nba/26-Chicago-Bulls/tre-jones.jpg
Tristan da Silva,Orlando Magic,77,SF,fotos-nba/18-Orlando-Magic/tristan-da-silva.jpg
Vince Williams Jr.,Memphis Grizzlies,77,SF,fotos-nba/27-Memphis-Grizzlies/vince-williams-jr.jpg
Yves Missi,New Orleans Pelicans,77,C,fotos-nba/21-New-Orleans-Pelicans/yves-missi.jpg
Zaccharie Risacher,Atlanta Hawks,77,SF,fotos-nba/07-Atlanta-Hawks/zaccharie-risacher.jpg
AJ Dybantsa,Washington Wizards,76,SF,fotos-nba/22-Washington-Wizards/aj-dybantsa.jpg
Anthony Black,Orlando Magic,76,PG,fotos-nba/18-Orlando-Magic/anthony-black.jpg
Baylor Scheierman,Boston Celtics,76,SG,fotos-nba/11-Boston-Celtics/baylor-scheierman.jpg
Brice Sensabaugh,Utah Jazz,76,SF,fotos-nba/15-Utah-Jazz/brice-sensabaugh.jpg
Bruce Thornton,Houston Rockets,76,PG,fotos-nba/09-Houston-Rockets/bruce-thornton.jpg
Bub Carrington,Washington Wizards,76,PG,fotos-nba/22-Washington-Wizards/bub-carrington.jpg
Cody Williams,Utah Jazz,76,SF,fotos-nba/15-Utah-Jazz/cody-williams.jpg
Collin Gillespie,Phoenix Suns,76,PG,fotos-nba/20-Phoenix-Suns/collin-gillespie.jpg
D'Angelo Russell,Memphis Grizzlies,76,PG,fotos-nba/27-Memphis-Grizzlies/dangelo-russell.jpg
Dayron Sharpe,Brooklyn Nets,76,C,fotos-nba/29-Brooklyn-Nets/dayron-sharpe.jpg
Derik Queen,New Orleans Pelicans,76,C,fotos-nba/21-New-Orleans-Pelicans/derik-queen.jpg
Gary Trent Jr.,Milwaukee Bucks,76,SG,fotos-nba/30-Milwaukee-Bucks/gary-trent-jr.jpg
Hunter Dickinson,New Orleans Pelicans,76,C,fotos-nba/21-New-Orleans-Pelicans/hunter-dickinson.jpg
Jarred Vanderbilt,Los Angeles Lakers,76,PF,fotos-nba/16-Los-Angeles-Lakers/jarred-vanderbilt.jpg
Jase Richardson,Orlando Magic,76,SG,fotos-nba/18-Orlando-Magic/jase-richardson.jpg
Jaylon Tyson,Cleveland Cavaliers,76,SG,fotos-nba/08-Cleveland-Cavaliers/jaylon-tyson.jpg
Jeremiah Fears,New Orleans Pelicans,76,PG,fotos-nba/21-New-Orleans-Pelicans/jeremiah-fears.jpg
John Konchar,Utah Jazz,76,SG,fotos-nba/15-Utah-Jazz/john-konchar.jpg
Jordan Poole,New Orleans Pelicans,76,PG,fotos-nba/21-New-Orleans-Pelicans/jordan-poole.jpg
Kasparas Jakucionis,Milwaukee Bucks,76,PG,fotos-nba/30-Milwaukee-Bucks/kasparas-jakucionis.jpg
Kentavious Caldwell-Pope,Philadelphia 76ers,76,SG,fotos-nba/01-Philadelphia-76ers/kentavious-caldwell-pope.jpg
Khaman Maluach,Phoenix Suns,76,C,fotos-nba/20-Phoenix-Suns/khaman-maluach.jpg
Landry Shamet,New York Knicks,76,SG,fotos-nba/03-New-York-Knicks/landry-shamet.jpg
Luka Garza,Boston Celtics,76,C,fotos-nba/11-Boston-Celtics/luka-garza.jpg
Marcus Sasser,Dallas Mavericks,76,PG,fotos-nba/23-Dallas-Mavericks/marcus-sasser.jpg
Mario Hezonja,Cleveland Cavaliers,76,SF,fotos-nba/08-Cleveland-Cavaliers/mario-hezonja.jpg
Marvin Bagley III,Denver Nuggets,76,PF,fotos-nba/05-Denver-Nuggets/marvin-bagley-iii.jpg
Moussa Diabate,Charlotte Hornets,76,PF,fotos-nba/25-Charlotte-Hornets/moussa-diabate.jpg
Oso Ighodaro,Phoenix Suns,76,C,fotos-nba/20-Phoenix-Suns/oso-ighodaro.jpg
Pelle Larsson,Miami Heat,76,SG,fotos-nba/14-Miami-Heat/pelle-larsson.jpg
Rayan Rupert,Philadelphia 76ers,76,SG,fotos-nba/01-Philadelphia-76ers/rayan-rupert.jpg
Ryan Dunn,Phoenix Suns,76,SF,fotos-nba/20-Phoenix-Suns/ryan-dunn.jpg
Sandro Mamukelashvili,Los Angeles Lakers,76,PF,fotos-nba/16-Los-Angeles-Lakers/sandro-mamukelashvili.jpg
Thomas Sorber,Oklahoma City Thunder,76,C,fotos-nba/02-Oklahoma-City-Thunder/thomas-sorber.jpg
Trey Lyles,Minnesota Timberwolves,76,PF,fotos-nba/12-Minnesota-Timberwolves/trey-lyles.jpg
VJ Edgecombe,Philadelphia 76ers,76,SG,fotos-nba/01-Philadelphia-76ers/vj-edgecombe.jpg
Vit Krejci,Atlanta Hawks,76,SG,fotos-nba/07-Atlanta-Hawks/vit-krejci.jpg
Walter Clayton Jr.,Memphis Grizzlies,76,PG,fotos-nba/27-Memphis-Grizzlies/walter-clayton.jpg
Will Riley,Washington Wizards,76,SF,fotos-nba/22-Washington-Wizards/will-riley.jpg
Yang Hansen,Portland Trail Blazers,76,C,fotos-nba/17-Portland-Trail-Blazers/yang-hansen.jpg
Adem Bona,Philadelphia 76ers,75,C,fotos-nba/01-Philadelphia-76ers/adem-bona.jpg
Ajay Mitchell,Oklahoma City Thunder,75,PG,fotos-nba/02-Oklahoma-City-Thunder/ajay-mitchell.jpg
Ariel Hukporti,New York Knicks,75,C,fotos-nba/03-New-York-Knicks/ariel-hukporti.jpg
Caleb Love,Philadelphia 76ers,75,SG,fotos-nba/01-Philadelphia-76ers/caleb-love.jpg
Cameron Boozer,Memphis Grizzlies,75,PF,fotos-nba/27-Memphis-Grizzlies/cameron-boozer.jpg
Carter Bryant,San Antonio Spurs,75,SF,fotos-nba/06-San-Antonio-Spurs/carter-bryant.jpg
Collin Murray-Boyles,Toronto Raptors,75,PF,fotos-nba/10-Toronto-Raptors/collin-murray-boyles.jpg
Danny Wolf,Brooklyn Nets,75,C,fotos-nba/29-Brooklyn-Nets/danny-wolf.jpg
Daron Holmes II,Denver Nuggets,75,PF,fotos-nba/05-Denver-Nuggets/daron-holmes.jpg
Hugo Gonzalez,Boston Celtics,75,SG,fotos-nba/11-Boston-Celtics/hugo-gonzalez.jpg
Jakobe Walter,Toronto Raptors,75,SG,fotos-nba/10-Toronto-Raptors/jakobe-walter.jpg
Jamal Shead,Toronto Raptors,75,PG,fotos-nba/10-Toronto-Raptors/jamal-shead.jpg
Jaylen Clark,Minnesota Timberwolves,75,SG,fotos-nba/12-Minnesota-Timberwolves/jaylen-clark.jpg
Jericho Sims,Milwaukee Bucks,75,C,fotos-nba/30-Milwaukee-Bucks/jericho-sims.jpg
Jordan Miller,Los Angeles Clippers,75,SF,fotos-nba/24-Los-Angeles-Clippers/jordan-miller.jpg
Jordan Walsh,Boston Celtics,75,SF,fotos-nba/11-Boston-Celtics/jordan-walsh.jpg
Josh Minott,Brooklyn Nets,75,PF,fotos-nba/29-Brooklyn-Nets/josh-minott.jpg
Justin Edwards,Philadelphia 76ers,75,SF,fotos-nba/01-Philadelphia-76ers/justin-edwards.jpg
Koa Peat,Phoenix Suns,75,PF,fotos-nba/20-Phoenix-Suns/koa-peat.jpg
Kris Murray,Memphis Grizzlies,75,SF,fotos-nba/27-Memphis-Grizzlies/kris-murray.jpg
Maxime Raynaud,Sacramento Kings,75,C,fotos-nba/28-Sacramento-Kings/maxime-raynaud.jpg
Noa Essengue,Chicago Bulls,75,PF,fotos-nba/26-Chicago-Bulls/noa-essengue.jpg
Noah Clowney,Brooklyn Nets,75,PF,fotos-nba/29-Brooklyn-Nets/noah-clowney.jpg
Tidjane Salaun,Charlotte Hornets,75,PF,fotos-nba/25-Charlotte-Hornets/tidjane-salaun.jpg
Tristan Vukcevic,Washington Wizards,75,C,fotos-nba/22-Washington-Wizards/tristan-vukcevic.jpg
Tyler Kolek,New York Knicks,75,PG,fotos-nba/03-New-York-Knicks/tyler-kolek.jpg
Tyrese Proctor,Cleveland Cavaliers,75,PG,fotos-nba/08-Cleveland-Cavaliers/tyrese-proctor.jpg
Alex Karaban,Sacramento Kings,74,SF,fotos-nba/28-Sacramento-Kings/alex-karaban.jpg
Ben Saraf,Brooklyn Nets,74,PG,fotos-nba/29-Brooklyn-Nets/ben-saraf.jpg
Caleb Wilson,Chicago Bulls,74,PF,fotos-nba/26-Chicago-Bulls/caleb-wilson.jpg
Cedric Coward,Memphis Grizzlies,74,SF,fotos-nba/27-Memphis-Grizzlies/cedric-coward.jpg
Craig Porter Jr.,Cleveland Cavaliers,74,PG,fotos-nba/08-Cleveland-Cavaliers/craig-porter.jpg
Darryn Peterson,Utah Jazz,74,SG,fotos-nba/15-Utah-Jazz/darryn-peterson.jpg
Dillon Jones,New York Knicks,74,SF,fotos-nba/03-New-York-Knicks/dillon-jones.jpg
Dominick Barlow,Philadelphia 76ers,74,PF,fotos-nba/01-Philadelphia-76ers/dominick-barlow.jpg
Drake Powell,Brooklyn Nets,74,SF,fotos-nba/29-Brooklyn-Nets/drake-powell.jpg
Dru Smith,Miami Heat,74,PG,fotos-nba/14-Miami-Heat/dru-smith.jpg
Gui Santos,Golden State Warriors,74,SF,fotos-nba/19-Golden-State-Warriors/gui-santos.jpg
Isaiah Jackson,Indiana Pacers,74,C,fotos-nba/04-Indiana-Pacers/isaiah-jackson.jpg
Jamison Battle,Toronto Raptors,74,SF,fotos-nba/10-Toronto-Raptors/jamison-battle.jpg
Jarvis Hayes,Utah Jazz,74,SF,fotos-nba/15-Utah-Jazz/jarvis-hayes.jpg
Jay Huff,Indiana Pacers,74,C,fotos-nba/04-Indiana-Pacers/jay-huff.jpg
Joan Beringer,Minnesota Timberwolves,74,C,fotos-nba/12-Minnesota-Timberwolves/joan-beringer.jpg
Karlo Matkovic,New Orleans Pelicans,74,PF,fotos-nba/21-New-Orleans-Pelicans/karlo-matkovic.jpg
Koby Brea,Phoenix Suns,74,SG,fotos-nba/20-Phoenix-Suns/koby-brea.jpg
Leonard Miller,Chicago Bulls,74,PF,fotos-nba/26-Chicago-Bulls/leonard-miller.jpg
Mac McClung,Chicago Bulls,74,PG,fotos-nba/26-Chicago-Bulls/mac-mcclung.jpg
Micah Peavy,New Orleans Pelicans,74,SF,fotos-nba/21-New-Orleans-Pelicans/micah-peavy.jpg
Nique Clifford,Sacramento Kings,74,SG,fotos-nba/28-Sacramento-Kings/nique-clifford.jpg
Nolan Traore,Brooklyn Nets,74,PG,fotos-nba/29-Brooklyn-Nets/nolan-traore.jpg
Pacome Dadiet,New York Knicks,74,SF,fotos-nba/03-New-York-Knicks/pacome-dadiet.jpg
Quenton Jackson,Indiana Pacers,74,SG,fotos-nba/04-Indiana-Pacers/quenton-jackson.jpg
Ryan Kalkbrenner,Charlotte Hornets,74,C,fotos-nba/25-Charlotte-Hornets/ryan-kalkbrenner.jpg
Sion James,Charlotte Hornets,74,SG,fotos-nba/25-Charlotte-Hornets/sion-james.jpg
Vladislav Goldin,Miami Heat,74,C,fotos-nba/14-Miami-Heat/vladislav-goldin.jpg
Will Richard,Golden State Warriors,74,SG,fotos-nba/19-Golden-State-Warriors/will-richard.jpg
Yaxel Lendeborg,Golden State Warriors,74,PF,fotos-nba/19-Golden-State-Warriors/yaxel-lendeborg.jpg
Zeke Nnaji,Denver Nuggets,74,PF,fotos-nba/05-Denver-Nuggets/zeke-nnaji.jpg
Aday Mara,Oklahoma City Thunder,73,C,fotos-nba/02-Oklahoma-City-Thunder/aday-mara.jpg
Alijah Martin,Toronto Raptors,73,SG,fotos-nba/10-Toronto-Raptors/alijah-martin.jpg
Brooks Barnhizer,Oklahoma City Thunder,73,SG,fotos-nba/02-Oklahoma-City-Thunder/brooks-barnhizer.jpg
Cam Christie,Los Angeles Clippers,73,SG,fotos-nba/24-Los-Angeles-Clippers/cam-christie.jpg
Colin Castleton,Orlando Magic,73,C,fotos-nba/18-Orlando-Magic/colin-castleton.jpg
Darius Acuff Jr.,Sacramento Kings,73,PG,fotos-nba/28-Sacramento-Kings/darius-acuff-jr.jpg
David Jones Garcia,San Antonio Spurs,73,SF,fotos-nba/06-San-Antonio-Spurs/david-jones-garcia.jpg
Isaiah Evans,Minnesota Timberwolves,73,SG,fotos-nba/12-Minnesota-Timberwolves/isaiah-evans.jpg
Julian Reese,Washington Wizards,73,PF,fotos-nba/22-Washington-Wizards/julian-reese.jpg
LaBaron Philon,Philadelphia 76ers,73,PG,fotos-nba/01-Philadelphia-76ers/labaron-philon.jpg
Mikel Brown Jr.,Brooklyn Nets,73,PG,fotos-nba/29-Brooklyn-Nets/mikel-brown-jr.jpg
Mohamed Diawara,New York Knicks,73,PF,fotos-nba/03-New-York-Knicks/mohamed-diawara.jpg
Nate Bittle,Toronto Raptors,73,C,fotos-nba/10-Toronto-Raptors/nate-bittle.jpg
Otega Oweh,Oklahoma City Thunder,73,SG,fotos-nba/02-Oklahoma-City-Thunder/otega-oweh.jpg
Pete Nance,Milwaukee Bucks,73,PF,fotos-nba/30-Milwaukee-Bucks/pete-nance.jpg
Spencer Jones,Denver Nuggets,73,SF,fotos-nba/05-Denver-Nuggets/spencer-jones.jpg
Yanic Niederhauser,Los Angeles Clippers,73,C,fotos-nba/24-Los-Angeles-Clippers/yanic-niederhauser.jpg
Allen Graves,Toronto Raptors,72,PF,fotos-nba/10-Toronto-Raptors/allen-graves.jpg
BJ Edwards,Sacramento Kings,72,SG,fotos-nba/28-Sacramento-Kings/bj-edwards.jpg
Daeqwon Plowden,Sacramento Kings,72,PF,fotos-nba/28-Sacramento-Kings/daeqwon-plowden.jpg
Daniss Jenkins,Detroit Pistons,72,PG,fotos-nba/13-Detroit-Pistons/daniss-jenkins.jpg
Egor Demin,Brooklyn Nets,72,PG,fotos-nba/29-Brooklyn-Nets/egor-demin.jpg
Ernest Udeh Jr.,Cleveland Cavaliers,72,C,fotos-nba/08-Cleveland-Cavaliers/ernest-udeh.jpg
Jaden Bradley,Toronto Raptors,72,PG,fotos-nba/10-Toronto-Raptors/jaden-bradley.jpg
Jakobi Gillespie,San Antonio Spurs,72,PG,fotos-nba/06-San-Antonio-Spurs/jakobi-gillespie.jpg
Jamir Watkins,Washington Wizards,72,SF,fotos-nba/22-Washington-Wizards/jamir-watkins.jpg
Malik Thomas,Cleveland Cavaliers,72,SG,fotos-nba/08-Cleveland-Cavaliers/malik-thomas.jpg
Markel Brown,Brooklyn Nets,72,SG,fotos-nba/29-Brooklyn-Nets/markel-brown.jpg
Marshun Newell,Atlanta Hawks,72,SG,fotos-nba/07-Atlanta-Hawks/marshun-newell.jpg
Naeqwan Tomlin,Cleveland Cavaliers,72,PF,fotos-nba/08-Cleveland-Cavaliers/naeqwan-tomlin.jpg
Quadir Copeland,Houston Rockets,72,PG,fotos-nba/09-Houston-Rockets/quadir-copeland.jpg
Robbie Avila,Los Angeles Lakers,72,C,fotos-nba/16-Los-Angeles-Lakers/robbie-avila.jpg
Trevon Scott,Brooklyn Nets,72,PF,fotos-nba/29-Brooklyn-Nets/trevon-scott.jpg
